{
  "project_info": {
    "project_number": "499139466369",
    "project_id": "sw-guide-17d87",
    "storage_bucket": "sw-guide-17d87.appspot.com"
  },
  "client": [
    {
      "client_info": {
        "mobilesdk_app_id": "1:499139466369:android:d464784ed325192272e980",
        "android_client_info": {
          "package_name": "com.sungshindev.sw_guide"
        }
      },
      "oauth_client": [
        {
          "client_id": "499139466369-qniidvg54f4e06ne26k864en2dh52kuk.apps.googleusercontent.com",
          "client_type": 3
        }
      ],
      "api_key": [
        {
          "current_key": "AIzaSyB4VPkuDkqz_LtHHB4zXrCOI3ZxiJDz878"
        }
      ],
      "services": {
        "appinvite_service": {
          "other_platform_oauth_client": [
            {
              "client_id": "499139466369-qniidvg54f4e06ne26k864en2dh52kuk.apps.googleusercontent.com",
              "client_type": 3
            }
          ]
        }
      }
    }
  ],
  "configuration_version": "1"
}